﻿Company,Site,Location,Phone Number,Status,Notes
Wayne Thorneycroft & Andrew Gibbons - Gold Coast,,,Andrew: 0478 271 014 Wayne: 0401 896 371,,
BORAL – QLD,Benowa,"20 Racecourse Dr, Bundall QLD 4217",0448 688 798,Active,"21 / 01 – Up to date. 29 / 08 / 24 – The system was turned off and isolated due to spraying over a worker, now all fixed. All Systems Go. 02 / 06 / 24 – Need site update?? Worst Batcher on Earth."
BORAL – QLD,Burleigh,"18 Rudman Parade, Burleigh Heads QLD 4220",,Active,05 / 08 / 24 – No Truck Wash computer; the system is up to date. Roof struts are installed correctly. 02 / 06 / 24 – did roof struts installed correctly? 13 / 05 / 24 – need approval for May delivery.
BORAL – QLD,Labrador,"243 Brisbane Rd, Biggera Waters QLD 4214",Geoff: 0418 787 587,Active,"21 / 01 – Up to date – needs upgrade. Geoff Batcher – 0418 787 587 24 / 07 – new light and siren, create sun cover, acid box ventilation. 02 / 06 – Up to date. 13 / 05 – Need airline fix and 5 × scan cards."
BORAL – QLD,Southport,"47 Bailey Cres, Southport QLD 4215",,Active,21 / 01 – Ready for a quote – to speak to Andrew. 02 / 06 Blair to investigate full system installation.
,,,,,
Jason Baker - Brisbane South,,,Jason: 0401 896 964,,
BORAL – QLD,Kingston,"187-195 Queens Rd, Kingston QLD 4114",April: 0401 893 554,Active,"21 / 01 – Up to date. 5 / 08 / 24 – No Acid or Truck Wash computer in at the moment, running through bypass on. 25 / 07 / 24 – Upgrade done. Bundled Tent with IBCs. 24 / 07 / 24 – Create sun cover, acid box ventilation, new trigger gun, test siphoning, new computer, new air regulator or new flow jet pump–replace air regulator first before flow jet pump. 06 / 06 / 24 – Needs new computer. Acid refill approx 200 L. New truck wash urgent. 02 / 06 / 24 – Need new ethernet install asap."
BORAL – QLD,Beenleigh,"144 Rossmanns Rd, Stapylton QLD 4207",0401 893 427,Active,21 / 01 not Automated. 02 / 06 Up to date. Need approval for May delivery.
BORAL – QLD,Capalaba,"11/13-15 Smith St, Capalaba QLD 4157",Mitch: 0401 893 552,Active,21 / 01 – Up to date. Batcher – Adam (0401 893 552). 29 / 08 / 24 – New hose reel & stopper installed on Truck Wash. 05 / 08 / 24 – Computer Card Scanning System currently not operational because there is no constant power there at the moment. Spoke to Max Electrician and November he is installing a constant power supply in the plant. Currently just running on bypass. 20 / 06 / 24 – Install done. 04 / 06 / 24 – Installation required and compressor needed!
BORAL – QLD,Cleveland,"267-275 Industry Ct, Cleveland QLD 4163",,Active,18 / 02 – New Acid IBC Installed – 850 L Acid Recovered – 50 L Delivered 18 / 02. PLANT OPEN 21 / 01 – CLOSED UNTIL FURTHER NOTICE. CLEVELAND PLANT – (0401 894 702) cleveland.plant@boral.com.au 19 / 07 – Plant Closed until further notice. 06 / 06 – Blair to call Area Manager to understand opening times. Jonny went and was closed. 02 / 06 – Site closed? System offline – Need to contact.
,,,,,
Rob Shannon - Brisbane West,,,Rob: 0478 272 920,,
BORAL – QLD,Browns Plains,"16/20 Elliott Ct, Hillcrest QLD 4118",0401 893 597,Active,BATCHER – 0401 893 597 29 / 08 / 24 – All Systems Go. 02 / 06 / 24 – Roof struts needed?? New computer installed?? 14 / 05 – Need new RFID. Do we need new Roof struts installed on next refill??
BORAL – QLD,Redbank,"961 Redbank Plains Rd, Redbank Plains QLD 4301",0401 893 707,Active,"11 / 02 – New Flojet installed in Truck Wash box. 21 / 01 – Feb refill. Jake – 0436 032 224. 29 / 08 / 24 – System reboot, and now All Systems Go. 05 / 06 – Full ACID BOX system service completed. NEED ROOF STRUTS. 02 / 06 – Router issues reported… awaiting outcome 14 / 05 – Up to date. 13 / 05 – Low product levels."
BORAL – QLD,Ipswich,"203-219 Briggs Rd, Ipswich QLD 4305",0401 893 707,Active,21 / 01 – Closed until further notice. 04 / 06 – Site Contact Jake from Redbank. Likely closed for a while.
BORAL – QLD,Wacol,"Amatek La, Wacol QLD 4076",0401 893 590,Active,"21 / 01 – Feb refill 06 / 08 / 24 – The Internet modem broke, replacing with a new one by the end of the week, which is 09 / 08 / 24. Roof struts are still needed; currently, only one PVC pipe is holding it up at the moment. 06 / 06 / 24 – Roof Struts Needed. Truck Wash Requested. 02 / 06 / 24 – Need Roof struts installed?? Check valve on truckwash (pre made at shed). Roof struts (need 50 mm tee pieces from bunnings)"
BORAL – QLD,Archerfield,"40 Beaufighter Ave, Archerfield QLD 4108",Inder: 0458 259 062,Active,13 / 02 – Acid computer changed from Coletek 032 to 099. New powerpack – 12 new cards programmed. 21 / 01 – Jonny to attend site this week. 02 / 06 – Spoken with Max re: power hook up – Potentially in a week. Installation confirmed late May.
BORAL – QLD,Murrarie,"1004 Lytton Rd, Murarrie QLD 4172",0478 853 554,Active,5 / 02 – New Truck Wash box installed with double air regulator set up. 21 / 01 – Up to Date. Nick (Site Phone – 07 3390 7077). 25 / 06 – Programmed 7 cards – need to do the rest. System up to date 05 / 06. Power hooked up and system now on card scan 02 / 06. Spoken with Max re: power hook up – Potentially in a week 21 / 05 Blair to talk to Max about power. 14 / 05 – Computer box to be installed by Jonny – Cards to be programmed and delivered. w / c 20 / 05 Max to hook up electrical.
,,,,,
Richard Carlson - North Brisbane & Sunshine Coast,,,Richard: 0401 896 443,,
BORAL – QLD,Geebung,"177/179 Robinson Rd E, Geebung QLD 4034",Olli: 0401 722 229,Active,21 / 01 Up to Date 16 / 10 / 24 Install half done – Need to finish.
BORAL – QLD,Morayfield,"259-261 Morayfield Rd, Morayfield QLD 4506",Phil: 0401 897 810,Active,21 / 01 Max to hook up power – follow up
BORAL – QLD,Kippa-Ring,"232 Anzac Ave, Redcliffe QLD 4020",Tony: 0401 897 870,Inactive,Installation 29 / 01
BORAL – QLD,Everton Park,"LOT 16 Lawnton Pocket Rd, Lawnton QLD 4501",3353 9758,Active,14 / 02 – Air line leak – FIXED. 21 / 01 – Late defib refill.
BORAL – QLD,Caloundra,"11 Industrial Ave, Caloundra West QLD 4551",,Active,04 / 06 – Up to date: NO COMPUTERS. Need a bucket weight design for Carlson.
BORAL – QLD,Narangba,"201/205 Potassium St, Narangba QLD 4504",Anthony: 0423 721 682,Active,Anthony Batcher – 0423 721 682. 04 / 06 – Up to date. 02 / 06 – Up to date. 13 / 05 – Level check requested.
,,,,,
Andrew Tanovic - Wagners,,,,,
WAGNERS,Pinkenba,"47 Pamela St, Pinkenba QLD 4008",,Active,"21 / 01 Need System Upgraded. Batcher – Josh. 29 / 08 / 24 – New Flojet Installed, New IBC and Truck Wash mix installed. On Manual Mode currently. 04 / 06 / 24 Up to date. May delivery approved / Need scan cards delivered."
WAGNERS,Wacol,"20 Airy St, Wacol QLD 4076",,Inactive,"Adele Batcher Email: Wacol.Concrete@wagner.com.au Phone: 1300 924 637 29 / 08 / 24 – New SIM Card installed, All Systems Go. 05 / 08 / 24 – Internet connection on modem seems to be dropping in and out, installing new one by the end of the week, which is 09 / 08 / 24. 04 / 06 / 24 – Up to date."
WAGNERS,Toowoomba,"Gate 3/580 Alderley St, Harristown QLD 4350",,Active,21 / 01 – Awaiting reply. 04 / 06 – Up to date – should communicate with Ryan Woodfield. 10 / 04 – Completed System Service (Jonny) – spoken with Ryan Woodfield and in the clear.
,,,,,
Daniel Jones - Nucon,,,,,
NUCON,Ballina,"6 Convair Ave, Ballina NSW 2478",,Inactive,"once a year delivery. Batcher – Arron. 05 / 08 / 24 – 500 L of Acid and new IBC were dropped off. Dilution and Computer Card Scanning System all not working. Currently, they are just using a hose out of the IBC, and they will give them a new Computer and Acid System. Very small site."
NUCON,Southport,"273 Southport Nerang Rd, Southport QLD 4215",,Inactive,13 / 05 – System working on Auto. Need plate over main valve.
NUCON,Burleigh,"75 Hutchinson St, Burleigh Heads QLD 4220",,Active,"Area Manager – Graham Donney (graham.donney@nucrush.com.au, 0475 573 649). 05 / 08 / 24 – Solenoid and/or solenoid wire currently broken, running on bypass and the batcher is happy with that and monitoring closely. Fix ASAP. 28 / 05 – Need longer hose installed ASAP. 22 / 05 – 24 / 05 refill at end of month (start of month refills preferred). Need Valve plate."
,,,,,
Ted Looi - Sunmix,,,,,
SUNMIX CONCRETE,Swanbank,"32 Rob Roy Way, Swanbank QLD 4306",,Active,24 / 02 – The acid dilution system was removed and changed to an acid concentrate system. All systems go. 21 / 01 – Comms with Ted / Jonny. 04 / 06 – Up to date Installation date late MAY
SUNMIX CONCRETE,Beaudesert,"150 Enterprise Dr, Beaudesert QLD 4285",,Active,once a year delivery
SUNMIX CONCRETE,Kingston,"5/11 Marble Dr, Kingston QLD 4114",,Active,04 / 06 – Up to date
,,,,,
Redimix,,,,,
REDIMIX CONCRETE,WAMBO,Diamondy QLD 4410,,Inactive,21 / 01 need to follow up David Kennedy Plant Manager – (0461 495 320) DavidKennedy@redimix.com.au 04 / 06 – Next delivery need 2 × new comps as VNC not working on existing computers 10 / 04 – System Service Completed. Coletek 067 – has no VNC but is working. Need another computer for Truck wash.
REDIMIX CONCRETE,Rockhampton,"33 Enterprise Dr, Gracemere QLD 4702",,Active,04 / 06 – Matt Lobban has sent images for installation.
,,,,,
Boral,,,,,
BORAL – NSW,Ballina,"3-7 Simmons St, Ballina NSW 2478",,Inactive,—
BORAL – QLD,Chinderah,"16 Ozone St, Chinderah NSW 2487",,Active,21 / 01 – Follow up. 02 / 06 – Up to date. Not automated.