Name,Phones,Emails,Notes
Untitled 20d6ed160c54803abf67f508e8c0d930,,,# Untitled
Wayne Thorneycroft & Andrew Gibbons,"0401 896 371, 0478 271 014",,# Wayne Thorneycroft & Andrew Gibbons - Gold Coast  Phone Number: Andrew: 0478 271 014 Wayne: 0401 896 371
Untitled 20d6ed160c548059ba6ad08cc8302700,,,# Untitled
Jason Baker,0401 896 964,,# Jason Baker - Brisbane South  Phone Number: Jason: 0401 896 964
Andrew Tanovic,,,# Andrew Tanovic - Wagners
Untitled 20d6ed160c54806fa563ea3a5f135078,,,# Untitled
Untitled 20d6ed160c5480768126cb025128f5d1,,,# Untitled
Ted Looi,,,# Ted Looi - Sunmix
Untitled 20d6ed160c548080a77cdf42ad578f31,,,# Untitled
Untitled 20d6ed160c54809f9cf8c0a0ed51cfa8,,,# Untitled
Richard Carlson,0401 896 443,,# Richard Carlson - North Brisbane & Sunshine Coast  Phone Number: Richard: 0401 896 443
Untitled 20d6ed160c5480ba850eca893533f379,,,# Untitled
Rob Shannon,0478 272 920,,# Rob Shannon - Brisbane West  Phone Number: Rob: 0478 272 920
Daniel Jones,,,# Daniel Jones - Nucon
Redimix 20d6ed160c5480cfac14cffd44d4ceb9,,,# Redimix
Boral 20d6ed160c5480ee8264ecb0f07ac9ae,,,# Boral
Untitled 20d6ed160c5480f486c2c70a293eb2cf,,,# Untitled
Untitled 20d6ed160c5480f79bc1f264cd607d1b,,,# Untitled
BORAL,0418 787 587,,"# BORAL – QLD  Site: Labrador Location: 243 Brisbane Rd, Biggera Waters QLD 4214 Phone Number: Geoff: 0418 787 587 Status: Active Notes: 21 / 01 – Up to date – needs upgrade. Geoff Batcher – 0418 787 587 24 / 07 – new light and siren, create sun cover, acid box ventilation. 02 / 06 – Up to date. 13 / 05 – Need airline fix and 5 × scan cards."
SUNMIX CONCRETE 20d6ed160c54810bb8c0fa8a581a373a,,,"# SUNMIX CONCRETE  Site: Swanbank Location: 32 Rob Roy Way, Swanbank QLD 4306 Status: Active Notes: 24 / 02 – The acid dilution system was removed and changed to an acid concentrate system. All systems go. 21 / 01 – Comms with Ted / Jonny. 04 / 06 – Up to date Installation date late MAY"
BORAL,"0436 032 224, 0401 893 707",,"# BORAL – QLD  Site: Redbank Location: 961 Redbank Plains Rd, Redbank Plains QLD 4301 Phone Number: 0401 893 707 Status: Active Notes: 11 / 02 – New Flojet installed in Truck Wash box. 21 / 01 – Feb refill. Jake – 0436 032 224. 29 / 08 / 24 – System reboot, and now All Systems Go. 05 / 06 – Full ACID BOX system service completed. NEED ROOF STRUTS. 02 / 06 – Router issues reported… awaiting outcome 14 / 05 – Up to date. 13 / 05 – Low product levels."
REDIMIX CONCRETE 20d6ed160c54811291e7f5d7bcc657b7,0461 495 320,DavidKennedy@redimix.com.au,# REDIMIX CONCRETE  Site: WAMBO Location: Diamondy QLD 4410 Status: Inactive Notes: 21 / 01 need to follow up David Kennedy Plant Manager – (0461 495 320) DavidKennedy@redimix.com.au 04 / 06 – Next delivery need 2 × new comps as VNC not working on existing computers 10 / 04 – System Service Completed. Coletek 067 – has no VNC but is working. Need another computer for Truck wash.
BORAL,,,"# BORAL – QLD  Site: Southport Location: 47 Bailey Cres, Southport QLD 4215 Status: Active Notes: 21 / 01 – Ready for a quote – to speak to Andrew. 02 / 06 Blair to investigate full system installation."
BORAL,0401 893 554,,"# BORAL – QLD  Site: Kingston Location: 187-195 Queens Rd, Kingston QLD 4114 Phone Number: April: 0401 893 554 Status: Active Notes: 21 / 01 – Up to date. 5 / 08 / 24 – No Acid or Truck Wash computer in at the moment, running through bypass on. 25 / 07 / 24 – Upgrade done. Bundled Tent with IBCs. 24 / 07 / 24 – Create sun cover, acid box ventilation, new trigger gun, test siphoning, new computer, new air regulator or new flow jet pump–replace air regulator first before flow jet pump. 06 / 06 / 2"
BORAL,0401 893 597,,"# BORAL – QLD  Site: Browns Plains Location: 16/20 Elliott Ct, Hillcrest QLD 4118 Phone Number: 0401 893 597 Status: Active Notes: BATCHER – 0401 893 597 29 / 08 / 24 – All Systems Go. 02 / 06 / 24 – Roof struts needed?? New computer installed?? 14 / 05 – Need new RFID. Do we need new Roof struts installed on next refill??"
SUNMIX CONCRETE 20d6ed160c54813896b9c7c15ddae4a8,,,"# SUNMIX CONCRETE  Site: Beaudesert Location: 150 Enterprise Dr, Beaudesert QLD 4285 Status: Active Notes: once a year delivery"
BORAL,,,"# BORAL – QLD  Site: Chinderah Location: 16 Ozone St, Chinderah NSW 2487 Status: Active Notes: 21 / 01 – Follow up. 02 / 06 – Up to date. Not automated."
BORAL,0401 893 707,,"# BORAL – QLD  Site: Ipswich Location: 203-219 Briggs Rd, Ipswich QLD 4305 Phone Number: 0401 893 707 Status: Active Notes: 21 / 01 – Closed until further notice. 04 / 06 – Site Contact Jake from Redbank. Likely closed for a while."
BORAL,,,"# BORAL – QLD  Site: Everton Park Location: LOT 16 Lawnton Pocket Rd, Lawnton QLD 4501 Phone Number: 3353 9758 Status: Active Notes: 14 / 02 – Air line leak – FIXED. 21 / 01 – Late defib refill."
BORAL,0401 893 552,,"# BORAL – QLD  Site: Capalaba Location: 11/13-15 Smith St, Capalaba QLD 4157 Phone Number: Mitch: 0401 893 552 Status: Active Notes: 21 / 01 – Up to date. Batcher – Adam (0401 893 552). 29 / 08 / 24 – New hose reel & stopper installed on Truck Wash. 05 / 08 / 24 – Computer Card Scanning System currently not operational because there is no constant power there at the moment. Spoke to Max Electrician and November he is installing a constant power supply in the plant. Currently just running on bypa"
BORAL,0478 853 554,,"# BORAL – QLD  Site: Murrarie Location: 1004 Lytton Rd, Murarrie QLD 4172 Phone Number: 0478 853 554 Status: Active Notes: 5 / 02 – New Truck Wash box installed with double air regulator set up. 21 / 01 – Up to Date. Nick (Site Phone – 07 3390 7077). 25 / 06 – Programmed 7 cards – need to do the rest. System up to date 05 / 06. Power hooked up and system now on card scan 02 / 06. Spoken with Max re: power hook up – Potentially in a week 21 / 05 Blair to talk to Max about power. 14 / 05 – Compute"
REDIMIX CONCRETE 20d6ed160c548172a322c51a97d7f5b3,,,"# REDIMIX CONCRETE  Site: Rockhampton Location: 33 Enterprise Dr, Gracemere QLD 4702 Status: Active Notes: 04 / 06 – Matt Lobban has sent images for installation."
WAGNERS 20d6ed160c548172acc5dae545947aac,1300 924 637,Wacol.Concrete@wagner.com.au,"# WAGNERS  Site: Wacol Location: 20 Airy St, Wacol QLD 4076 Status: Inactive Notes: Adele Batcher Email: Wacol.Concrete@wagner.com.au Phone: 1300 924 637 29 / 08 / 24 – New SIM Card installed, All Systems Go. 05 / 08 / 24 – Internet connection on modem seems to be dropping in and out, installing new one by the end of the week, which is 09 / 08 / 24. 04 / 06 / 24 – Up to date."
WAGNERS 20d6ed160c548173b544c613e6b1965d,,,"# WAGNERS  Site: Toowoomba Location: Gate 3/580 Alderley St, Harristown QLD 4350 Status: Active Notes: 21 / 01 – Awaiting reply. 04 / 06 – Up to date – should communicate with Ryan Woodfield. 10 / 04 – Completed System Service (Jonny) – spoken with Ryan Woodfield and in the clear."
NUCON 20d6ed160c548173bfe7f288813e4c54,0475 573 649,graham.donney@nucrush.com.au,"# NUCON  Site: Burleigh Location: 75 Hutchinson St, Burleigh Heads QLD 4220 Status: Active Notes: Area Manager – Graham Donney (graham.donney@nucrush.com.au, 0475 573 649). 05 / 08 / 24 – Solenoid and/or solenoid wire currently broken, running on bypass and the batcher is happy with that and monitoring closely. Fix ASAP. 28 / 05 – Need longer hose installed ASAP. 22 / 05 – 24 / 05 refill at end of month (start of month refills preferred). Need Valve plate."
SUNMIX CONCRETE 20d6ed160c548178b29ed92c7cb23d0a,,,"# SUNMIX CONCRETE  Site: Kingston Location: 5/11 Marble Dr, Kingston QLD 4114 Status: Active Notes: 04 / 06 – Up to date"
BORAL,0458 259 062,,"# BORAL – QLD  Site: Archerfield Location: 40 Beaufighter Ave, Archerfield QLD 4108 Phone Number: Inder: 0458 259 062 Status: Active Notes: 13 / 02 – Acid computer changed from Coletek 032 to 099. New powerpack – 12 new cards programmed. 21 / 01 – Jonny to attend site this week. 02 / 06 – Spoken with Max re: power hook up – Potentially in a week. Installation confirmed late May."
NUCON 20d6ed160c548188bb16f594346f1082,,,"# NUCON  Site: Ballina Location: 6 Convair Ave, Ballina NSW 2478 Status: Inactive Notes: once a year delivery. Batcher – Arron. 05 / 08 / 24 – 500 L of Acid and new IBC were dropped off. Dilution and Computer Card Scanning System all not working. Currently, they are just using a hose out of the IBC, and they will give them a new Computer and Acid System. Very small site."
BORAL,0401 897 870,,"# BORAL – QLD  Site: Kippa-Ring Location: 232 Anzac Ave, Redcliffe QLD 4020 Phone Number: Tony: 0401 897 870 Status: Inactive Notes: Installation 29 / 01"
BORAL,0448 688 798,,"# BORAL – QLD  Site: Benowa Location: 20 Racecourse Dr, Bundall QLD 4217 Phone Number: 0448 688 798 Status: Active Notes: 21 / 01 – Up to date. 29 / 08 / 24 – The system was turned off and isolated due to spraying over a worker, now all fixed. All Systems Go. 02 / 06 / 24 – Need site update?? Worst Batcher on Earth."
WAGNERS 20d6ed160c5481a79dd9d500b320eab1,,,"# WAGNERS  Site: Pinkenba Location: 47 Pamela St, Pinkenba QLD 4008 Status: Active Notes: 21 / 01 Need System Upgraded. Batcher – Josh. 29 / 08 / 24 – New Flojet Installed, New IBC and Truck Wash mix installed. On Manual Mode currently. 04 / 06 / 24 Up to date. May delivery approved / Need scan cards delivered."
BORAL,,,"# BORAL – NSW  Site: Ballina Location: 3-7 Simmons St, Ballina NSW 2478 Status: Inactive Notes: —"
BORAL,0401 722 229,,"# BORAL – QLD  Site: Geebung Location: 177/179 Robinson Rd E, Geebung QLD 4034 Phone Number: Olli: 0401 722 229 Status: Active Notes: 21 / 01 Up to Date 16 / 10 / 24 Install half done – Need to finish."
BORAL,0401 894 702,cleveland.plant@boral.com.au,"# BORAL – QLD  Site: Cleveland Location: 267-275 Industry Ct, Cleveland QLD 4163 Status: Active Notes: 18 / 02 – New Acid IBC Installed – 850 L Acid Recovered – 50 L Delivered 18 / 02. PLANT OPEN 21 / 01 – CLOSED UNTIL FURTHER NOTICE. CLEVELAND PLANT – (0401 894 702) cleveland.plant@boral.com.au 19 / 07 – Plant Closed until further notice. 06 / 06 – Blair to call Area Manager to understand opening times. Jonny went and was closed. 02 / 06 – Site closed? System offline – Need to contact."
BORAL,0423 721 682,,"# BORAL – QLD  Site: Narangba Location: 201/205 Potassium St, Narangba QLD 4504 Phone Number: Anthony: 0423 721 682 Status: Active Notes: Anthony Batcher – 0423 721 682. 04 / 06 – Up to date. 02 / 06 – Up to date. 13 / 05 – Level check requested."
BORAL,0401 893 427,,"# BORAL – QLD  Site: Beenleigh Location: 144 Rossmanns Rd, Stapylton QLD 4207 Phone Number: 0401 893 427 Status: Active Notes: 21 / 01 not Automated. 02 / 06 Up to date. Need approval for May delivery."
BORAL,0401 897 810,,"# BORAL – QLD  Site: Morayfield Location: 259-261 Morayfield Rd, Morayfield QLD 4506 Phone Number: Phil: 0401 897 810 Status: Active Notes: 21 / 01 Max to hook up power – follow up"
NUCON 20d6ed160c5481e6ac28e01d9184b039,,,"# NUCON  Site: Southport Location: 273 Southport Nerang Rd, Southport QLD 4215 Status: Inactive Notes: 13 / 05 – System working on Auto. Need plate over main valve."
BORAL,0401 893 590,,"# BORAL – QLD  Site: Wacol Location: Amatek La, Wacol QLD 4076 Phone Number: 0401 893 590 Status: Active Notes: 21 / 01 – Feb refill 06 / 08 / 24 – The Internet modem broke, replacing with a new one by the end of the week, which is 09 / 08 / 24. Roof struts are still needed; currently, only one PVC pipe is holding it up at the moment. 06 / 06 / 24 – Roof Struts Needed. Truck Wash Requested. 02 / 06 / 24 – Need Roof struts installed?? Check valve on truckwash (pre made at shed). Roof struts (need"
BORAL,,,"# BORAL – QLD  Site: Caloundra Location: 11 Industrial Ave, Caloundra West QLD 4551 Status: Active Notes: 04 / 06 – Up to date: NO COMPUTERS. Need a bucket weight design for Carlson."
BORAL,,,"# BORAL – QLD  Site: Burleigh Location: 18 Rudman Parade, Burleigh Heads QLD 4220 Status: Active Notes: 05 / 08 / 24 – No Truck Wash computer; the system is up to date. Roof struts are installed correctly. 02 / 06 / 24 – did roof struts installed correctly? 13 / 05 / 24 – need approval for May delivery."
