,Ref,Customer,Site,Area Manager (Users Name),Date,Invoice No,Product,Start (l),New Total (l),Delivered (l),Rate ($),Total (Ex.GST),PO,Status,Actions
,E04695,BORAL - QLD,Geebung,Jonny Harper,"Mon, 4 Aug, 2025",---,ELORA CONCRETE SAFE REMOVER - ECSR ($3.85),0,700,700,$3.85,"$2,695.00",---,Scheduled,
,E04643,BORAL - QLD,Benowa,Jonny Harper,"Thu, 31 Jul, 2025",---,ELORA CONCRETE SAFE REMOVER - ECSR ($3.85),0,800,800,$3.85,"$3,080.00",---,Scheduled,
,E04621,BORAL - QLD,Narangba,Jonny Harper,"Wed, 23 Jul, 2025",---,ELORA CONCRETE SAFE REMOVER - ECSR ($3.85),0,1000,1000,$3.85,"$3,850.00",---,Scheduled,
,E04708,BORAL - QLD,Labrador,Jonny Harper,"Fri, 18 Jul, 2025",---,ELORA CONCRETE SAFE REMOVER - ECSR ($3.85),0,440,440,$3.85,"$1,694.00",---,Scheduled,
,E04629,BORAL - QLD,Everton Park,Jonny Harper,"Wed, 16 Jul, 2025",---,ELORA CONCRETE SAFE REMOVER - ECSR ($3.85),0,700,700,$3.85,"$2,695.00",---,Scheduled,
,E04307,BORAL - QLD,Archerfield,Jonny Harper,"Wed, 16 Jul, 2025",---,ELORA CONCRETE SAFE REMOVER - ECSR ($3.85),0,500,500,$3.85,"$1,925.00",---,Scheduled,
,E04680,BORAL - QLD,Capalaba,Jonny Harper,"Wed, 9 Jul, 2025",---,ELORA CONCRETE SAFE REMOVER - ECSR ($3.85),0,700,700,$3.85,"$2,695.00",---,Scheduled,
,E04667,BORAL - QLD,Caloundra,Jonny Harper,"Wed, 9 Jul, 2025",---,ELORA CONCRETE SAFE REMOVER - ECSR ($3.85),0,1000,1000,$3.85,"$3,850.00",---,Scheduled,
,E04568,BORAL - QLD,Cleveland,Jonny Harper,"Mon, 30 Jun, 2025",---,ELORA CONCRETE SAFE REMOVER - ECSR ($3.85),0,300,300,$3.85,"$1,155.00",---,Scheduled,
,E04664,BORAL - QLD,Browns Plains,Jonny Harper,"Fri, 27 Jun, 2025",---,ELORA CONCRETE SAFE REMOVER - ECSR ($3.85),0,500,500,$3.85,"$1,925.00",---,Scheduled,
,E04662,BORAL - QLD,Wacol,Jonny Harper,"Fri, 27 Jun, 2025",---,ELORA CONCRETE SAFE REMOVER - ECSR ($3.85),0,700,700,$3.85,"$2,695.00",---,Scheduled,
,E04607,BORAL - QLD,Murarrie,Jonny Harper,"Fri, 27 Jun, 2025",---,ELORA CONCRETE SAFE REMOVER - ECSR ($3.85),0,500,500,$3.85,"$1,925.00",---,Scheduled,
,E04651,BORAL - QLD,Southport,Jonny Harper,"Thu, 26 Jun, 2025",---,ELORA CONCRETE SAFE REMOVER - ECSR ($3.85),0,600,600,$3.85,"$2,310.00",---,Scheduled,
,E04645,BORAL - QLD,Beenleigh,Jonny Harper,"Fri, 20 Jun, 2025",---,ELORA CONCRETE SAFE REMOVER - ECSR ($3.85),0,500,500,$3.85,"$1,925.00",---,Scheduled,
,E04492,BORAL - QLD,Burleigh,Jonny Harper,"Wed, 18 Jun, 2025",---,ELORA CONCRETE SAFE REMOVER - ECSR ($3.85),0,500,500,$3.85,"$1,925.00",---,Scheduled,
,E04707,BORAL - QLD,Labrador,Jonny Harper,"Tue, 17 Jun, 2025",INV3604,ACID YELLOW BANJO POLYPROPYLENE BALL VALVE ($130.00),0,1,1,$130.00,$130.00,---,Confirmed,
,E04641,BORAL - QLD,Labrador,Jonny Harper,"Tue, 17 Jun, 2025",INV3604,ELORA CONCRETE SAFE REMOVER - ECSR ($3.85),150,440,290,$3.85,"$1,116.50",---,Confirmed,
,E04534,BORAL - QLD,Geebung,Jonny Harper,"Mon, 9 Jun, 2025",INV3588,ELORA CONCRETE SAFE REMOVER - ECSR ($3.85),400,1000,600,$3.85,"$2,310.00",---,Confirmed,
,E04679,BORAL - QLD,Capalaba,Jonny Harper,"Wed, 4 Jun, 2025",INV3585,ELORA SCAN CARD ($13.50),0,2,2,$13.50,$27.00,---,Confirmed,
,E04678,BORAL - QLD,Capalaba,Jonny Harper,"Wed, 4 Jun, 2025",INV3585,ELORA TRUCK WASH - ETW ($1.95),700,1000,300,$1.95,$585.00,---,Confirmed,
,E04546,BORAL - QLD,Capalaba,Jonny Harper,"Wed, 4 Jun, 2025",INV3585,ELORA CONCRETE SAFE REMOVER - ECSR ($3.85),575,1000,425,$3.85,"$1,636.25",---,Confirmed,
,E04686,BORAL - QLD,Ipswich,Jonny Harper,"Tue, 3 Jun, 2025",INV3591,ELORA CONCRETE SAFE REMOVER - ECSR ($3.85),325,950,625,$3.85,"$2,406.25",---,Confirmed,
,E04575,BORAL - QLD,Kingston,Jonny Harper,"Mon, 2 Jun, 2025",---,ELORA CONCRETE SAFE REMOVER - ECSR ($3.85),0,500,500,$3.85,"$1,925.00",---,Scheduled,
,E04675,BORAL - QLD,Murarrie,Jonny Harper,"Fri, 30 May, 2025",INV3574,ELORA TRUCK WASH - ETW ($1.95),500,1000,500,$1.95,$975.00,---,Confirmed,
,E04569,BORAL - QLD,Murarrie,Jonny Harper,"Fri, 30 May, 2025",INV3574,ELORA CONCRETE SAFE REMOVER - ECSR ($3.85),100,1000,900,$3.85,"$3,465.00",---,Confirmed,
,E04616,BORAL - QLD,Caloundra,Jonny Harper,"Wed, 28 May, 2025",INV3569,FREIGHT RECOVERED ($0.00),0,1,1,$200.00,$200.00,---,Confirmed,
,E04615,BORAL - QLD,Caloundra,Jonny Harper,"Wed, 28 May, 2025",INV3569,1000 Litre Spill Bund PVC Cover & Galv Frame ($1400.00),0,1,1,"$1,400.00","$1,400.00",---,Confirmed,
,E04164,BORAL - QLD,Caloundra,Jonny Harper,"Wed, 28 May, 2025",INV3569,ELORA CONCRETE SAFE REMOVER - ECSR ($3.85),0,1000,1000,$3.85,"$3,850.00",---,Confirmed,
,E04663,BORAL - QLD,Browns Plains,Jonny Harper,"Tue, 27 May, 2025",INV3567,ELORA TRUCK WASH - ETW ($1.95),700,1000,300,$1.95,$585.00,---,Confirmed,
,E04593,BORAL - QLD,Wacol,Jonny Harper,"Tue, 27 May, 2025",INV3571,ELORA CONCRETE SAFE REMOVER - ECSR ($3.85),350,1000,650,$3.85,"$2,502.50",---,Confirmed,
,E04592,BORAL - QLD,Browns Plains,Jonny Harper,"Tue, 27 May, 2025",INV3567,ELORA CONCRETE SAFE REMOVER - ECSR ($3.85),600,1000,400,$3.85,"$1,540.00",---,Confirmed,
,E04644,BORAL - QLD,Beenleigh,Jonny Harper,"Wed, 21 May, 2025",INV3559,ELORA CONCRETE SAFE REMOVER - ECSR ($3.85),500,1000,500,$3.85,"$1,925.00",---,Confirmed,
,E04502,BORAL - QLD,Redbank,Jonny Harper,"Wed, 21 May, 2025",INV3560,ELORA TRUCK WASH - ETW ($1.95),800,1000,200,$1.95,$390.00,---,Confirmed,
,E04496,BORAL - QLD,Redbank,Jonny Harper,"Wed, 21 May, 2025",INV3560,ELORA CONCRETE SAFE REMOVER - ECSR ($3.85),550,1000,450,$3.85,"$1,732.50",---,Confirmed,
,E04642,BORAL - QLD,Benowa,Jonny Harper,"Tue, 20 May, 2025",INV3558,ELORA TRUCK WASH - ETW ($1.95),800,1000,200,$1.95,$390.00,---,Confirmed,
,E04561,BORAL - QLD,Labrador,Jonny Harper,"Tue, 20 May, 2025",INV3557,ELORA CONCRETE SAFE REMOVER - ECSR ($3.85),200,420,220,$3.85,$847.00,---,Confirmed,
,E04423,BORAL - QLD,Benowa,Jonny Harper,"Tue, 20 May, 2025",INV3558,ELORA CONCRETE SAFE REMOVER - ECSR ($3.85),650,1000,350,$3.85,"$1,347.50",---,Confirmed,
,E04628,BORAL - QLD,Everton Park,Jonny Harper,"Mon, 12 May, 2025",INV3542,1/2 POLY TRIGGER GUN ($195.00),0,1,1,$195.00,$195.00,---,Confirmed,
,E04627,BORAL - QLD,Everton Park,Jonny Harper,"Mon, 12 May, 2025",INV3542,ELORA TRUCK WASH - ETW ($1.95),800,1000,200,$1.95,$390.00,---,Confirmed,
,E04369,BORAL - QLD,Everton Park,Jonny Harper,"Mon, 12 May, 2025",INV3542,ELORA CONCRETE SAFE REMOVER - ECSR ($3.85),600,1000,400,$3.85,"$1,540.00",---,Confirmed,
,E04633,BORAL - QLD,Narangba,Jonny Harper,"Wed, 7 May, 2025",INV3539,ELORA TRUCK WASH - ETW ($1.95),400,1000,600,$1.95,"$1,170.00",---,Confirmed,
,E04620,BORAL - QLD,Narangba,Jonny Harper,"Wed, 7 May, 2025",INV3539,STAINLESS NOZZLE ($65.00),0,1,1,$65.00,$65.00,---,Confirmed,
,E04375,BORAL - QLD,Narangba,Jonny Harper,"Wed, 7 May, 2025",INV3539,ELORA CONCRETE SAFE REMOVER - ECSR ($3.85),300,1000,700,$3.85,"$2,695.00",---,Confirmed,
,E04618,BORAL - QLD,Redbank,Jonny Harper,"Tue, 6 May, 2025",INV3537,STAINLESS NOZZLE ($65.00),0,1,1,$65.00,$65.00,---,Confirmed,
,E04606,BORAL - QLD,Murarrie,Jonny Harper,"Tue, 29 Apr, 2025",INV3523,ACID YELLOW BANJO POLYPROPYLENE BALL VALVE ($130.00),0,1,1,$130.00,$130.00,---,Confirmed,
,E04605,BORAL - QLD,Murarrie,Jonny Harper,"Tue, 29 Apr, 2025",INV3523,STAINLESS NOZZLE ($65.00),0,1,1,$65.00,$65.00,---,Confirmed,
,E04604,BORAL - QLD,Murarrie,Jonny Harper,"Tue, 29 Apr, 2025",INV3523,WAND ($30.00),0,1,1,$30.00,$30.00,---,Confirmed,
,E04603,BORAL - QLD,Murarrie,Jonny Harper,"Tue, 29 Apr, 2025",INV3523,ELORA TRUCK WASH - ETW ($1.95),500,1000,500,$1.95,$975.00,---,Confirmed,
,E04526,BORAL - QLD,Murarrie,Jonny Harper,"Tue, 29 Apr, 2025",INV3523,ELORA CONCRETE SAFE REMOVER - ECSR ($3.85),200,1000,800,$3.85,"$3,080.00",---,Confirmed,
,E04494,BORAL - QLD,Wacol,Jonny Harper,"Mon, 28 Apr, 2025",INV3516,ELORA CONCRETE SAFE REMOVER - ECSR ($3.85),500,1000,500,$3.85,"$1,925.00",---,Confirmed,