,Customer,Site,Vehicle Name,Vehicle RFID,Wash Time,Washes Day/Week,Protocol,Last Scan,Status,Actions
,BORAL - QLD,Benowa,40099,060388046d1719,180 Secs,1/6,12,2025-06-22 13:56:05,Active,
,BORAL - QLD,Redbank,45306,6.04E+12,120 Secs,1/6,12,2025-06-21 12:36:55,Active,
,BORAL - QLD,Redbank,40848,06038804655d57,120 Secs,1/6,12,2025-06-21 11:39:57,Active,
,BORAL - QLD,Geebung,289,0603880423aa62,60 Secs,2/12,24,2025-06-21 10:58:37,Active,
,BORAL - QLD,Capalaba,Spare 1,0603880490052a,90 Secs,2/4,12,2025-06-21 10:18:36,Active,
,BORAL - QLD,Labrador,40267,06038804fd1aac,120 Secs,2/3,12,2025-06-21 8:26:28,Active,
,BORAL - QLD,Narangba,40866,06038804f03cc1,30 Secs,6/6,0,2025-06-20 17:11:35,Active,
,BORAL - QLD,Labrador,40870,6038804775561,120 Secs,2/3,12,2025-06-20 16:39:41,Active,
,BORAL - QLD,Benowa,40142,06038804994d7b,180 Secs,1/6,12,2025-06-20 11:40:12,Active,
,BORAL - QLD,Browns Plains,40003,6038804764752,120 Secs,2/6,12,2025-06-20 11:19:14,Active,
,BORAL - QLD,Browns Plains,40143,06038804d22990,120 Secs,2/6,12,2025-06-20 10:24:49,Active,
,BORAL - QLD,Browns Plains,375,06038804ad8bcd,120 Secs,2/6,12,2025-06-20 8:48:46,Active,
,BORAL - QLD,Benowa,40139,06038804fb4fdf,180 Secs,1/6,12,2025-06-20 8:42:51,Active,
,BORAL - QLD,Browns Plains,45388,060388041efaad,120 Secs,2/6,12,2025-06-20 7:31:26,Active,
,BORAL - QLD,Browns Plains,40158,06038804011eb4,120 Secs,2/6,12,2025-06-20 6:53:26,Active,
,BORAL - QLD,Burleigh,320,060388046b0b0b,90 Secs,1/6,12,2025-06-19 15:23:32,Active,
,BORAL - QLD,Capalaba,BATCHER,06038804ecaa2b,90 Secs,3/15,0,2025-06-19 10:03:30,Active,
,BORAL - QLD,Burleigh,93,6038804577864,90 Secs,1/6,12,2025-06-19 9:40:48,Active,
,BORAL - QLD,Burleigh,45313,6.04E+102,90 Secs,1/6,12,2025-06-19 8:46:19,Active,
,BORAL - QLD,Burleigh,40081,0603880483031b,90 Secs,1/6,12,2025-06-18 20:01:44,Active,
,BORAL - QLD,Narangba,40819,06038804e7920e,30 Secs,6/6,0,2025-06-18 17:53:52,Active,
,BORAL - QLD,Labrador,45336,06038804997eac,120 Secs,2/3,12,2025-06-18 14:44:59,Active,
,BORAL - QLD,Labrador,40185,06038804ac8ecf,120 Secs,2/3,12,2025-06-18 13:00:19,Active,
,BORAL - QLD,Burleigh,40184,6038804398957,90 Secs,1/6,12,2025-06-18 12:54:53,Active,
,BORAL - QLD,Cleveland,40232,06038804c50e68,90 Secs,1/6,12,2025-06-18 7:28:23,Active,
,BORAL - QLD,Labrador,45307,06038804a98dcb,120 Secs,2/3,12,2025-06-18 7:19:14,Active,
,BORAL - QLD,Burleigh,40271,06038804b0c90e,90 Secs,1/6,12,2025-06-17 13:24:50,Active,
,BORAL - QLD,Narangba,45310,060388048b0d2d,30 Secs,6/6,0,2025-06-17 12:48:21,Active,
,BORAL - QLD,Archerfield,BATCHER,06038804be2275,120 Secs,2/6,0,2025-06-17 5:17:31,Active,
,BORAL - QLD,Murarrie,40072,060388044e06e9,120 Secs,2/6,12,2025-06-16 15:17:59,Active,
,BORAL - QLD,Redbank,BATCHER,060388046d1a1c,120 Secs,1/6,12,2025-06-16 14:05:57,Active,
,BORAL - QLD,Burleigh,40821,06038804dd0a7c,90 Secs,1/6,12,2025-06-16 13:03:43,Active,
,BORAL - QLD,Benowa,40138,06038804a21e55,180 Secs,1/6,12,2025-06-16 12:45:16,Active,
,BORAL - QLD,Redbank,40077,060388049a1f4e,120 Secs,1/6,12,2025-06-15 7:19:11,Active,
,BORAL - QLD,Redbank,BATCHER,6038804554832,120 Secs,1/6,12,2025-06-15 6:51:49,Active,
,BORAL - QLD,Narangba,40876,060388047f1125,30 Secs,6/6,0,2025-06-14 14:18:25,Active,
,BORAL - QLD,Capalaba,40133,06038804a284bb,90 Secs,2/4,12,2025-06-14 12:58:38,Active,
,BORAL - QLD,Capalaba,40214,060388041eae61,90 Secs,2/4,12,2025-06-14 11:54:02,Active,
,BORAL - QLD,Narangba,40243,06038804fd0092,30 Secs,6/6,0,2025-06-14 11:38:40,Active,
,BORAL - QLD,Browns Plains,40118,06038804ea29a8,120 Secs,2/6,12,2025-06-14 8:57:35,Active,
,BORAL - QLD,Burleigh,40178,0603880415bd67,90 Secs,2/6,12,2025-06-14 6:08:18,Active,
,BORAL - QLD,Browns Plains,BATCHER,060388043ea77a,120 Secs,2/6,0,2025-06-13 8:52:34,Active,
,BORAL - QLD,Labrador,40139,0603880466605b,120 Secs,2/3,12,2025-06-12 8:40:09,Active,
,BORAL - QLD,Redbank,40074,06038804534c34,120 Secs,1/6,12,2025-06-11 7:08:32,Active,
,BORAL - QLD,Narangba,45370,06038804de980b,30 Secs,6/6,0,2025-06-10 14:26:36,Active,
,BORAL - QLD,Labrador,45359,06038804762d38,120 Secs,2/3,12,2025-06-10 14:04:15,Active,
,BORAL - QLD,Caloundra,40155,060388044b2b0b,60 Secs,3/6,0,2025-06-10 13:49:30,Active,
,BORAL - QLD,Caloundra,BATCHER,06038804a06ea3,60 Secs,0/0,0,2025-06-10 11:01:13,Active,
,BORAL - QLD,Redbank,40171,06038804c51a74,120 Secs,1/6,12,2025-06-09 14:52:59,Active,
,BORAL - QLD,Burleigh,40177,060388043d0bdd,90 Secs,1/6,12,2025-06-09 7:35:45,Active,